,0,1,3,2,latitude,longitude
0,Albania,3.160826697054673,EU,AL,41.000028,19.9999619
1,Antigua and Barbuda,0.5527004946166972,NA,AG,17.2234721,-61.9554608
2,Argentina,7.936308517450571,SA,AR,-34.9964963,-64.9672817
3,Armenia,2.4628894595868474,AS,AM,40.7696272,44.6736646
4,Aruba,8.017928405456319,NA,AW,12.4902998,-69.9609842
5,Australia,12.926598730575591,OC,AU,-24.7761086,134.755
6,Austria,20.534084345060638,EU,AT,47.59397,14.12456
7,Azerbaijan,1.4813449825253175,AS,AZ,40.3936294,47.7872508
8,Bahamas,1.4183211713563788,NA,BS,24.7736546,-78.0000547
9,Bahrain,2.763531365722876,AS,BH,26.1551249,50.5344606
10,Barbados,2.848548471431875,NA,BB,13.1500331,-59.5250305
11,Belarus,30.34468485576486,EU,BY,53.4250605,27.6971358
12,Belgium,20.69253466820519,EU,BE,50.6402809,4.6667145
13,Belize,5.533457942141973,NA,BZ,16.8259793,-88.7600927
14,Brazil,4.666569903566446,SA,BR,-10.3333333,-53.2
15,Bulgaria,15.68854298059328,EU,BG,42.6073975,25.4856617
16,Canada,13.021090218461417,NA,CA,61.0666922,-107.991707
17,Chile,9.563283531547302,SA,CL,-31.7613365,-71.3187697
18,Colombia,4.7908646507573485,SA,CO,4.099917,-72.9088133
19,Costa Rica,6.647302320758018,NA,CR,10.2735633,-84.0739102
20,Croatia,20.09040606418262,EU,HR,45.5643442,17.0118954
21,Cuba,16.44941344861993,NA,CU,23.0131338,-80.8328748
22,Cyprus,3.5494408682966183,AS,CY,34.9823018,33.1451285
23,Czech Republic,16.541430590851707,EU,CZ,49.8167003,15.4749544
24,Denmark,13.63585079378756,EU,DK,55.670249,10.3333283
25,Ecuador,6.000093108898873,SA,EC,-1.3397668,-79.3666965
26,El Salvador,9.370110276966601,NA,SV,13.8000382,-88.9140683
27,Estonia,25.96452450111311,EU,EE,58.71971295,24.507544106789936
28,Fiji,3.713026530673813,OC,FJ,-18.1239696,179.0122737
29,Finland,23.72861995115781,EU,FI,63.2467777,25.9209164
30,France,19.699276694538614,EU,FR,46.603354,1.8883335
31,Georgia,3.4444886045547594,AS,GE,32.3293809,-83.1137366
32,Germany,14.384192207852024,EU,DE,51.0834196,10.4234469
33,Greece,3.9127340718102177,EU,GR,38.9953683,21.9877132
34,Grenada,1.6188909233898212,NA,GD,12.1360374,-61.6904045
35,Guatemala,2.668672296103538,NA,GT,15.687100699999998,-90.12265453178017
36,Guyana,20.64528383318201,SA,GY,4.8417097,-58.6416891
37,Hungary,29.717557601652377,EU,HU,47.1817585,19.5060937
38,Iceland,13.178076248254023,EU,IS,64.9841821,-18.1059013
39,Ireland,11.533273604416566,EU,IE,52.865196,-7.9794599
40,Israel,6.525615832893574,AS,IL,31.5313113,34.8667654
41,Italy,7.700095320719594,EU,IT,42.6384261,12.674297
42,Jamaica,0.46603731535455933,NA,JM,18.1850507,-77.3947693
43,Japan,21.920580115486988,AS,JP,36.5748441,139.2394179
44,Kazakhstan,26.898614418851988,AS,KZ,47.2286086,65.2093197
45,Kiribati,7.146651995803702,OC,KI,0.3448612,173.6641773
46,Kuwait,1.6914728633033755,AS,KW,29.2733964,47.4979476
47,Kyrgyzstan,11.36539387944627,AS,KG,41.5089324,74.724091
48,Latvia,28.47101084796792,EU,LV,56.8406494,24.7537645
49,Lithuania,41.182218575811106,EU,LT,55.3500003,23.7499997
50,Luxembourg,15.116007249507378,EU,LU,49.8158683,6.1296751
51,Macau,7.791263396644562,AS,MO,22.1757605,113.5514142
52,Maldives,0.6895966755923463,AS,MV,4.7064352,73.3287853
53,Malta,5.210465857509524,EU,MT,35.8885993,14.4476911
54,Mauritius,11.654527132825603,AF,MU,-20.2759451,57.5703566
55,Mexico,4.007956613399224,NA,MX,23.553556999999998,-102.26751579375113
56,Montenegro,8.089307323925171,EU,ME,42.9868853,19.5180992
57,Netherlands,10.693551055797101,EU,NL,52.15517,5.38721
58,New Zealand,13.951828506292971,OC,NZ,-41.5000831,172.8344077
59,Nicaragua,6.341628937964913,NA,NI,12.6090157,-85.2936911
60,Norway,13.277791759450173,EU,NO,60.5000209,9.0999715
61,Panama,4.956902204532089,NA,PA,8.559559,-81.1308434
62,Paraguay,3.837391240184917,SA,PY,-23.3165935,-58.1693445
63,Philippines,2.002688693603342,AS,PH,12.7503486,122.7312101
64,Poland,16.058786319581607,EU,PL,52.215933,19.134422
65,Portugal,9.20964136957583,EU,PT,40.0332629,-7.8896263
66,Puerto Rico,8.580785275171303,NA,PR,18.19897685,-66.26152219418967
67,Qatar,2.6245345051986586,AS,QA,25.3336984,51.2295295
68,Republic of Korea,19.31665214179597,AS,KR,55.8215537,49.132971
69,Romania,12.65541775770165,EU,RO,45.9852129,24.6859225
70,Russian Federation,32.77720660120264,EU,RU,64.6863136,97.7453061
71,Saint Lucia,5.881570737395538,NA,LC,13.8250489,-60.975036
72,Saint Vincent and Grenadines,5.08684140787361,NA,VC,12.90447,-61.2765569
73,Serbia,19.168363364244932,EU,RS,44.1534121,20.55144
74,Seychelles,7.036105271622382,AF,SC,-4.6574977,55.4540146
75,Singapore,10.705367871360632,AS,SG,1.357107,103.8194992
76,Slovakia,12.015160401586595,EU,SK,48.7411522,19.4528646
77,Slovenia,26.36047687654747,EU,SI,45.8133113,14.4808369
78,South Africa,0.8384769290719366,AF,ZA,-28.8166236,24.991639
79,Spain,8.162024552875481,EU,ES,39.3260685,-4.8379791
80,Sri Lanka,30.483938731978377,AS,LK,7.5554942,80.7137847
81,Suriname,18.609416106801895,SA,SR,4.1413025,-56.0771187
82,Sweden,14.921211247355187,EU,SE,59.6749712,14.5208584
83,Switzerland,17.478697982672774,EU,CH,46.7985624,8.2319736
84,Thailand,6.981510624807871,AS,TH,14.8971921,100.83273
85,Trinidad and Tobago,12.927655667426311,NA,TT,10.8677845,-60.9821067
86,Turkey,2.0990775284619563,AS,TR,38.9597594,34.9249653
87,Turkmenistan,7.461703955199736,AS,TM,39.3763807,59.3924609
88,Ukraine,24.870397517427044,EU,UA,49.4871968,31.2718321
89,United Arab Emirates,1.7040033806112085,AS,AE,24.0002488,53.9994829
90,United Kingdom,7.867928171523859,EU,GB,54.7023545,-3.2765753
91,United States,12.838459247711695,NA,US,39.7837304,-100.445882
92,Uruguay,15.62764979690538,SA,UY,-32.8755548,-56.0201525
93,Uzbekistan,7.1548905962275615,AS,UZ,41.32373,63.9528098
